myFirst, myLast, @lisd.net
myFirst, myLast, @peakautomation.com
myFirst, myLast, @att.com
myFirst, myLast, @hillwood.com
myFirst, myLast, @jonesday.com
myFirst, myLast, @aseschool.net
myFirst, myLast, @att.net
myFirst, myLast, @aol.com
myFirst, myLast, @huntoil.com
myFirst, myLast, @yahoo.com
myFirst, myLast, @yahoo.com
myFirst, myLast, @lombardglobal.com
myFirst, myLast, @dgriggs.com
myFirst, myLast, @gmail.com
myFirst, myLast, @gmail.com
myFirst, myLast, @gmail.com
myFirst, myLast, @hpisd.org
myFirst, myLast, @huntoil.com
myFirst, myLast, @verizon.net
myFirst, myLast, @att.net
myFirst, myLast, @ml.com
myFirst, myLast, @utsouthwestern.edu
myFirst, myLast, @gmail.com
myFirst, myLast, @prodigy.net
myFirst, myLast, @yahoo.com
myFirst, myLast, @kosmosenergy.com
myFirst, myLast, @creservices.com
myFirst, myLast, @ursulinedallas.org
myFirst, myLast, @earthlink.net
myFirst, myLast, @keeneisd.org
myFirst, myLast, @att.net
myFirst, myLast, @gmail.com
myFirst, myLast, @me.com
myFirst, myLast, @utsouthwestern.edu
myFirst, myLast, @soukdallas.com
myFirst, myLast, @hotmail.com
myFirst, myLast, @yahoo.com
myFirst, myLast, @outlook.com
myFirst, myLast, @citi.com
myFirst, myLast, @gmail.com
myFirst, myLast, @yahoo.com
myFirst, myLast, @yahoo.com
myFirst, myLast, @gmail.com
myFirst, myLast, @utexas.edu
myFirst, myLast, @yahoo.com
myFirst, myLast, @gmail.com
myFirst, myLast, @zenadalby.com
myFirst, myLast, @gmail.com
myFirst, myLast, @bcbstx.com
myFirst, myLast, @yahoo.com
myFirst, myLast, @lockelord.com
myFirst, myLast, @theintownchabad.com